id,title,score,num_comments,author,created_utc,url,over_18,edited,spoiler,stickied
1epl3j7,Which databases are you currently using in your work?,41,98,DZoneCommunity,2024-08-11 13:42:27,https://www.reddit.com/r/dataengineering/comments/1epl3j7/which_databases_are_you_currently_using_in_your/,False,False,False,False
1epneb5,Streaming Databases Oâ€™Reilly book is published,39,4,hkdelay,2024-08-11 15:24:47,https://www.reddit.com/r/dataengineering/comments/1epneb5/streaming_databases_oreilly_book_is_published/,False,False,False,False
1epn8qx,I feel like I am at a dead end of my ETL career and I don't know how to proceed ,28,23,SaffronBlood,2024-08-11 15:18:30,https://www.reddit.com/r/dataengineering/comments/1epn8qx/i_feel_like_i_am_at_a_dead_end_of_my_etl_career/,False,False,False,False
1epom3u,What did data engineering used to be called,27,26,Top_Lime1820,2024-08-11 16:14:56,https://www.reddit.com/r/dataengineering/comments/1epom3u/what_did_data_engineering_used_to_be_called/,False,False,False,False
1ep70iu,Does this realtime prediction personal project architecture make sense?,15,0,icantclosemytub,2024-08-10 23:55:59,https://www.reddit.com/r/dataengineering/comments/1ep70iu/does_this_realtime_prediction_personal_project/,False,False,False,False
1epmf5y,APIs to consume real state data recommendations ? ,8,4,milovaand,2024-08-11 14:43:49,https://www.reddit.com/r/dataengineering/comments/1epmf5y/apis_to_consume_real_state_data_recommendations/,False,False,False,False
1ep8mpf,Aws cloud practitioner or Snowpro core cert,8,11,Substantial-Lunch557,2024-08-11 01:18:01,https://www.reddit.com/r/dataengineering/comments/1ep8mpf/aws_cloud_practitioner_or_snowpro_core_cert/,False,False,False,False
1episvq,Data store advice,8,6,mr_alseif,2024-08-11 11:40:54,https://www.reddit.com/r/dataengineering/comments/1episvq/data_store_advice/,False,False,False,False
1ephu8l,How important is synthetic data generated from simulations?,5,7,BadKarma-18,2024-08-11 10:40:50,https://www.reddit.com/r/dataengineering/comments/1ephu8l/how_important_is_synthetic_data_generated_from/,False,False,False,False
1epcuan,"Anhy Thumb rule or formula for Determining Workers Needed Based on Data Size (Small, Medium, Large) for Transformations :)",4,0,Witty_Inspection_554,2024-08-11 05:09:34,https://www.reddit.com/r/dataengineering/comments/1epcuan/anhy_thumb_rule_or_formula_for_determining/,False,False,False,False
1eppfmm,Building data apps,3,4,nobel-001,2024-08-11 16:49:36,https://www.reddit.com/r/dataengineering/comments/1eppfmm/building_data_apps/,False,False,False,False
1epa5c2,MWAA installation,3,4,maplechori,2024-08-11 02:38:56,https://www.reddit.com/r/dataengineering/comments/1epa5c2/mwaa_installation/,False,False,False,False
1epnwwn,Self Host Prefect on AWS with ECS Work Pool using Pulumi,2,1,NickVain,2024-08-11 15:45:56,https://www.reddit.com/r/dataengineering/comments/1epnwwn/self_host_prefect_on_aws_with_ecs_work_pool_using/,False,False,False,False
1ephld2,Help Needed: Parsing XML to Relational Data in DB2 Using DataStage,1,2,IamBatman91939,2024-08-11 10:23:20,https://www.reddit.com/r/dataengineering/comments/1ephld2/help_needed_parsing_xml_to_relational_data_in_db2/,False,False,False,False
